title,avg_hours_watched,avg_hours_streamed,avg_streamers,avg_viewers,avg_channels,app_id,release_date,reviews_total,review_avg_percent,launch_price_cents,dataset_est_rev_cents
.hack//G.U. Last Recode,145350,35258,3174,202,49,525480,2017-11-03,2689,87.0,4999,13442311
20 Minutes Till Dawn,911356,12253,3616,1267,17,1966900,2023-06-08,20942,92.0,499,10450058
60 Parsecs!,529688,1867,606,736,2,646270,2018-09-18,2315,89.0,999,2312685
60 Seconds!,314900,1023,420,424,0,368360,2015-05-25,9979,84.0,899,8971121
7 Days to Die,1023033,89486,8880,1397,122,251570,2013-12-13,185945,88.0,2499,464676555
A Dance of Fire and Ice,452164,7002,2833,645,9,977950,2019-01-24,51538,94.0,599,30871262
A Hat in Time,331964,13813,2510,450,18,253230,2017-10-05,37936,98.0,2999,113770064
A Plague Tale: Innocence,1700679,36870,5592,2305,49,752590,2019-05-14,46879,93.0,6999,328106121
A Plague Tale: Requiem,2512917,96420,15296,3399,130,1182900,2022-10-17,8546,91.0,6999,59813454
A Way Out,2350131,54092,13037,3179,73,1222700,2018-03-23,31900,86.0,2999,95668100
ABZU,338342,5738,2587,455,7,384190,2016-08-02,18585,93.0,1999,37151415
AI: The Somnium Files,478332,5140,444,655,6,948740,2019-09-17,6312,91.0,5999,37865688
ALTF4,2137753,12024,4527,2921,16,1137460,2021-11-12,8835,81.0,299,2641665
ANIME STANDING,807420,8907,381,1122,12,1253870,2020-07-14,1422,87.0,99,140778
ARAYA,142823,437,184,198,0,466740,2016-11-24,646,77.0,1499,968354
ARK: Survival Evolved,2104367,151544,14158,2897,207,346110,2017-08-27,490099,83.0,2999,1469806901
ASTRONEER,767350,21185,2990,1063,29,361420,2016-12-16,93738,91.0,2999,281120262
Abandon Ship,186349,1426,392,277,2,551860,2019-10-22,984,71.0,2499,2459016
Absolver,547252,17620,4486,741,24,473690,2017-08-29,10789,73.0,2999,32356211
Against the Storm,616743,7701,867,857,10,1336490,2022-11-01,12126,95.0,2999,36365874
Age of Darkness: Final Stand,685365,4891,701,922,6,1426450,2021-10-07,5052,82.0,2199,11109348
Age of Empires II: Definitive Edition,2572347,34905,3349,3513,47,813780,2019-11-14,112769,94.0,1999,225425231
Age of Empires: Definitive Edition,268536,1770,362,361,2,1017900,2019-08-19,10606,84.0,1999,21201394
Age of Wonders 4,1290974,28091,2837,1737,37,1669000,2023-05-02,7503,80.0,4999,37507497
Age of Wonders: Planetfall,501000,10589,1379,674,14,718850,2019-08-06,4224,80.0,4999,21115776
Agents of Mayhem,318873,9767,1927,429,13,304530,2017-08-15,3038,59.0,5999,18224962
Agony,487171,6792,2415,655,9,487720,2018-05-29,2047,48.0,2999,6138953
Agrou,584592,1857,417,800,2,1305420,2020-07-25,1967,89.0,1199,2358433
Alien: Isolation,482881,22720,4741,654,30,214490,2014-10-06,37348,92.0,3999,149354652
Aliens: Dark Descent,1469764,22817,3103,2044,31,1150440,2023-06-19,5154,88.0,3999,20610846
Aliens: Fireteam Elite,3015624,71646,10094,4058,96,1549970,2021-08-23,15473,81.0,3999,61876527
Amanda the Adventurer,1066388,8540,3543,1449,11,2166060,2023-04-25,3323,95.0,899,2987377
American Truck Simulator,456172,17331,2561,642,23,270880,2016-02-02,105309,96.0,1999,210512691
Amnesia: Rebirth,3963640,63754,11206,5334,85,999220,2020-10-20,6301,77.0,2999,18896699
Amnesia: The Bunker,2604862,77607,29829,3622,107,1944430,2023-06-06,3343,92.0,2499,8354157
Amnesia: The Dark Descent,225547,4310,1327,303,5,57300,2010-09-08,16987,95.0,1999,33957013
Among Us,15849833,296428,68944,21747,406,945360,2018-11-16,585788,92.0,499,292308212
Among Us VR,1266293,6102,2442,1761,8,1849900,2022-11-10,1909,77.0,999,1907091
Ancestors: The Humankind Odyssey,1436556,19366,3039,1963,26,536270,2020-08-27,6411,80.0,3999,25637589
Angvik,506384,2610,684,681,3,278890,2014-02-24,1992,88.0,299,595608
Anno 1800,1379215,25685,3132,1921,34,916440,2019-04-01,9340,81.0,5999,56030660
Arcanum: Of Steamworks and Magick Obscura,310380,238,36,431,0,500810,2001-08-22,1339,88.0,599,802061
Archvale,781919,7525,1338,1052,10,1296360,2021-12-02,1597,89.0,1499,2393903
Arma 3,1570368,67987,6725,2152,92,107410,2013-09-12,154464,91.0,2999,463237536
Arma Reforger,664480,12929,3166,894,17,1874880,2022-05-17,7433,59.0,2999,22291567
Artifact,2574664,39952,5785,3528,53,583950,2018-11-28,24811,55.52,1999,49597189
As Dusk Falls,2472757,26926,7570,3328,36,1341820,2022-07-19,1872,91.0,2999,5614128
Ashen,917664,15256,3320,1235,20,649950,2019-12-09,2640,69.0,3999,10557360
Assassin's Creed Valhalla,5353420,256689,26200,7408,354,2208920,2022-12-06,10386,67.0,5999,62305614
Assetto Corsa,784266,19639,3163,1090,27,244210,2014-12-19,77526,92.0,1999,154974474
Assetto Corsa Competizione,784411,38123,4995,1084,52,805550,2019-05-29,18095,91.0,3999,72361905
At Dead Of Night,1156218,6388,1285,1556,8,1450830,2020-11-19,1856,94.0,1499,2782144
Atomic Heart,3998058,161996,36979,5873,231,668580,2023-02-20,18176,84.0,5999,109037824
BATTLETECH,891367,26912,2686,1226,36,637090,2018-04-24,19369,83.0,3999,77456631
BETON BRUTAL,1247092,3025,812,1734,4,2330500,2023-03-31,625,95.0,699,436875
BONEWORKS,361796,13695,3444,486,18,823500,2019-12-10,31775,92.0,2999,95293225
BPM: BULLETS PER MINUTE,708614,13026,3276,985,18,1286350,2020-09-15,8373,92.0,1999,16737627
Back 4 Blood,6077030,232005,38193,8202,313,924970,2021-10-12,36130,66.0,5999,216743870
Backpack Hero,688264,5080,1091,926,6,1970580,2022-08-15,3177,90.0,1699,5397723
Baldur's Gate 3,15671913,556982,43456,21198,758,1086940,2020-10-06,63044,89.0,5999,378200956
Barn Finders,480523,5631,934,668,7,991170,2020-06-15,3271,83.0,1999,6538729
Barotrauma,619057,8447,1367,840,11,602960,2023-03-13,34830,93.0,3499,121870170
Battle Brothers,540929,6408,379,737,8,365360,2017-03-24,18255,88.0,2999,54746745
Battle Chasers: Nightwar,788908,16914,2073,1061,22,451020,2017-10-03,5035,87.0,2999,15099965
BattleBit Remastered,6292272,146138,27123,8577,198,671860,2023-06-15,63529,90.0,1499,95229971
Battlefleet Gothic: Armada,122976,3914,625,171,5,363680,2016-04-21,4664,68.0,3999,18651336
Battlerite Royale,1803500,31248,4639,2452,42,879160,2018-09-26,8095,74.0,1999,16181905
Bayonetta,396836,9267,1909,551,12,460790,2017-04-11,21097,92.0,1999,42172903
Beat Saber,382558,33583,8415,525,45,620980,2019-05-21,63326,95.0,2999,189914674
Beholder,209247,1492,372,291,2,475550,2016-11-09,17681,91.0,999,17663319
Ben and Ed,111484,712,290,160,1,395200,2015-12-08,2867,82.0,999,2864133
Ben and Ed - Blood Party,133973,213,99,180,0,500260,2018-02-13,1772,88.0,1499,2656228
Bendy and the Dark Revival,703451,15360,3442,978,21,1063660,2022-11-15,7762,94.0,2999,23278238
Beyond: Two Souls,248138,880,476,333,1,960990,2020-06-18,15000,88.0,1999,29985000
Big Ambitions,1861327,18378,2294,2505,24,1331550,2023-03-10,5486,93.0,2299,12612314
Bio Inc. Redemption,274119,794,216,368,1,612470,2018-03-08,1685,89.0,1299,2188815
Black Desert,4642169,130426,7702,6347,178,582660,2017-05-24,48662,76.0,999,48613338
Black Mesa,758143,14957,2563,1020,19,362890,2020-03-06,92515,95.0,1999,184937485
Blackwake,669747,8771,1720,937,11,420290,2020-02-19,20521,82.0,1999,41021479
Blair Witch,856198,25603,8163,1170,34,1092660,2019-08-30,4596,77.0,2999,13783404
Blasphemous,836704,17467,2994,1154,24,774361,2019-09-10,26193,90.0,2499,65456307
BlazBlue: Cross Tag Battle,383051,11788,2146,520,15,702890,2019-11-20,2827,81.0,4999,14132173
Blazing Sails,995524,6478,1286,1384,9,1158940,2020-11-05,5388,89.0,2499,13464612
Blood Bowl 2,218074,4154,389,301,5,236690,2015-09-22,6551,78.0,1999,13095449
Bloodstained: Ritual of the Night,1436303,59326,7103,1987,81,692850,2019-06-18,24835,94.0,3999,99315165
Bloons TD 5,225799,843,270,313,0,306020,2014-11-19,9358,94.0,999,9348642
Bloons TD 6,1873428,34746,7320,2575,47,960090,2018-12-17,234108,97.0,1399,327517092
Bomber Crew,185586,2923,650,249,3,537800,2017-10-19,8354,89.0,1999,16699646
Book of Demons,274322,5299,1201,369,7,449960,2017-12-07,8201,88.27,2499,20494299
Borderlands 2,520836,35617,6309,716,48,49520,2012-09-17,183303,95.0,5999,1099634697
Borderlands 3,2058405,128000,14685,2839,175,397540,2020-03-13,93999,85.0,7999,751898001
Borderlands: The Pre-Sequel,287491,3450,878,399,4,261640,2014-10-14,27028,83.0,3999,108084972
Bramble: The Mountain King,1380570,18745,4564,1858,25,1623940,2023-04-27,1378,96.0,2999,4132622
Bread & Fred,710696,8959,4517,956,12,1607680,2023-05-23,788,85.0,1499,1181212
Breathedge,759308,8760,1478,1069,11,738520,2021-02-25,11945,84.0,2499,29850555
Bridge Constructor Portal,481529,3218,968,647,4,684410,2017-12-20,4432,91.0,999,4427568
Brotato,1483862,15167,3700,2031,20,1942280,2023-06-23,42661,96.0,499,21287839
Bugsnax,1779642,25438,5013,2475,35,674140,2022-04-28,3380,97.0,2499,8446620
Bully: Scholarship Edition,609280,2365,766,819,2,12200,2008-10-21,24017,84.0,1499,36001483
Bus Simulator 18,334927,5019,1025,465,6,515180,2018-06-13,7458,79.0,3499,26095542
Call of the Sea,515643,8380,1806,694,11,1042490,2020-12-08,2643,89.0,1999,5283357
Captain Tsubasa: Rise of New Champions,879747,16909,2665,1198,22,1163550,2020-09-28,3282,68.0,5999,19688718
Car Mechanic Simulator 2018,320046,9280,1510,430,12,645630,2017-07-28,41952,90.0,1999,83862048
Car Mechanic Simulator 2021,772477,37536,4374,1039,50,1190000,2021-08-11,19538,95.0,2499,48825462
Card Shark,633342,3589,1008,880,4,1371720,2022-06-02,1886,92.0,1999,3770114
Cat Goes Fishing,171628,312,113,234,0,343780,2015-01-19,8272,94.0,699,5782128
Celeste,409971,16832,3173,572,23,504230,2018-01-25,69963,97.0,1999,139856037
Children of Morta,400622,6172,1214,548,8,330020,2019-09-03,13364,89.0,2199,29387436
Chivalry 2,1640922,43963,9692,2265,60,1824220,2022-06-12,23329,82.0,3999,93292671
Choo-Choo Charles,2921502,31747,12009,3932,42,1766740,2022-12-09,10698,92.0,1999,21385302
Cities: Skylines,455741,15787,3037,630,21,255710,2015-03-10,176219,93.0,2999,528480781
Close to the Sun,343108,3465,867,461,4,968870,2020-05-05,506,75.0,1999,1011494
Clustertruck,235677,3918,1766,317,5,397950,2016-09-27,11015,93.0,1499,16511485
Comedy Night,285095,3111,1062,390,3,665360,2017-08-24,7314,75.0,499,3649686
Company of Heroes 2,159303,6477,708,218,8,231430,2013-06-25,61477,80.0,1999,122892523
Company of Heroes 3,1015251,15128,1854,1440,21,1677280,2023-02-23,10976,53.0,5999,65845024
Conan Exiles,1655101,57901,5149,2297,79,440900,2018-05-08,63484,78.0,3999,253872516
Conarium,144839,1541,441,201,2,313780,2017-06-06,1650,78.0,1999,3298350
Condemned: Criminal Origins,156162,723,190,210,0,4720,2006-04-11,2089,88.0,1499,3131411
Construction Simulator,1327372,28415,3838,1846,39,1273400,2022-09-20,4783,80.0,3499,16735717
Construction Simulator 2015,99531,698,141,143,1,289950,2014-11-18,4383,79.0,2999,13144617
Contraband Police,3905618,28039,6492,5273,37,756800,2023-03-08,6737,94.0,1999,13467263
"Cook, Serve, Delicious! 2!!",190415,3141,788,264,4,386620,2017-09-13,1952,90.0,1299,2535648
Cooking Simulator,1229701,12400,3711,1700,16,641320,2019-06-06,14504,84.0,1999,28993496
Core Keeper,2526164,60725,9204,3399,81,1621690,2022-03-08,20530,91.0,1599,32827470
Corpse Party,250546,826,157,337,1,251270,2016-04-25,1040,90.0,1499,1558960
Cossacks 3,191679,2599,602,266,3,333420,2016-09-20,9050,80.0,1999,18090950
Counter-Strike,53172684,913781,141632,72571,1248,10,2000-11-01,137421,97.0,999,137283579
Counter-Strike: Global Offensive,48489362,906847,123006,66604,1243,730,2012-08-21,7382695,88.0,1499,11066659805
Crab Champions,1660800,37349,8423,2309,51,774801,2023-04-01,11136,98.0,999,11124864
Craftopia,728696,41239,6014,1013,57,1307550,2020-09-04,15393,80.0,2499,38467107
Crea,177699,1527,255,247,2,280520,2016-06-09,1037,74.0,1499,1554463
CrossCode,317209,7636,959,435,10,368340,2018-09-20,12465,93.0,1999,24917535
Crossout,238252,20770,3452,326,28,386180,2017-07-26,55745,76.0,2999,167179255
Crusader Kings III,2160576,34005,3503,3009,47,1158310,2020-09-01,61487,92.0,4999,307373513
Cube World,853426,21667,4736,1186,30,1128000,2019-09-30,9485,43.0,1999,18960515
Cult of the Lamb,3745982,137361,21527,5078,186,1313140,2022-08-11,48934,94.0,2499,122286066
Cuphead,1200529,42924,13286,1637,58,268910,2017-09-29,125572,96.0,1999,251018428
Curse of the Dead Gods,895826,12449,2001,1205,16,1123770,2021-02-23,6047,85.0,1999,12087953
Cyberpunk 2077,5069059,254519,30143,6883,346,1091500,2020-12-09,549004,80.0,5999,3293474996
DEATHLOOP,5285183,87875,11199,7350,122,1252330,2021-09-13,16760,77.0,5999,100543240
DEVOUR,1126581,38684,14893,1554,53,1274570,2021-01-28,49036,92.0,499,24468964
DNF Duel,1253414,24996,4427,1701,33,1216060,2022-06-27,3359,62.0,4999,16791641
DOOM,620890,35232,9235,842,47,379720,2016-05-12,120073,95.0,5999,720317927
DOOM 3,116783,1981,584,157,2,208200,2012-10-15,6568,85.0,2999,19697432
DOOM 3,116783,1981,584,157,2,9050,2007-08-03,5462,78.74,999,5456538
DOOM Eternal,2281359,105214,15405,3086,142,782330,2020-03-19,151201,91.0,5999,907054799
DRAGON BALL Z: KAKAROT,5108815,163319,20528,6924,223,851850,2020-01-16,32219,93.0,8499,273829281
Danganronpa 2: Goodbye Despair,303180,2896,264,417,3,413420,2016-04-18,21395,96.0,2999,64163605
Danganronpa V3: Killing Harmony,786379,12746,1087,1063,17,567640,2017-09-25,15751,85.0,3999,62988249
Danganronpa: Trigger Happy Havoc,375249,3012,349,529,3,413410,2016-02-18,24399,96.0,2999,73172601
Dark and Light,1180290,28388,2496,1588,38,529180,2017-07-20,10111,53.0,2999,30322889
Darksiders Genesis,634741,15600,2514,854,20,710920,2019-12-05,8141,83.0,2999,24414859
Darksiders III,1249179,26178,4489,1725,35,606280,2018-11-27,9287,76.0,5999,55712713
Darkwood,559093,4613,997,763,5,274520,2017-08-17,14180,94.0,1499,21255820
Darwin Project,1001573,42262,8359,1361,57,544920,2020-01-13,18503,81.0,1499,27735997
Dawn of Man,613272,15783,2465,825,21,858810,2019-03-01,14653,86.0,2499,36617847
DayZ,3084315,119869,11534,4224,163,221100,2018-12-13,293735,74.0,4499,1321513765
Daymare: 1998,375548,4610,1062,522,6,842100,2019-09-17,2415,72.0,2999,7242585
Days Gone,2376998,117013,13832,3249,159,1259420,2021-05-17,43992,92.0,4999,219916008
Dead Cells,609947,20170,4916,831,27,588650,2018-08-06,116513,97.0,2499,291165987
Dead Rising 4,1057028,24081,53,1422,32,543460,2017-03-14,3638,58.0,5999,21824362
Dead Space,2504782,74009,14945,3492,105,1693980,2023-01-27,24600,91.0,5999,147575400
Dead by Daylight,13545274,738369,68595,18559,1011,381210,2016-06-14,486959,80.0,1999,973431041
Deadside,1382600,62758,6331,1922,87,895400,2020-04-14,26380,78.0,1999,52733620
Death Road to Canada,213419,2846,515,287,3,252610,2016-07-21,6419,93.0,1499,9622081
Death's Door,1350342,28499,4463,1817,38,894020,2021-07-20,12592,93.0,1999,25171408
Deceive Inc.,1251211,24845,4748,1711,33,820520,2023-03-21,3305,86.0,1999,6606695
Deep Rock Galactic,756740,26750,3958,1018,35,548430,2020-05-13,180721,97.0,2999,541982279
Defunct,163697,106,25,220,0,359350,2016-01-29,532,81.0,999,531468
Demon Slayer -Kimetsu no Yaiba- The Hinokami Chronicles,1641397,93397,15889,2209,125,1490890,2021-10-15,12366,81.46,5999,74183634
Deponia Doomsday,298823,2096,320,402,2,421050,2016-03-01,2399,84.0,1999,4795601
Descenders,248957,1349,484,371,2,681280,2019-05-07,11696,95.0,2499,29228304
Desperados III,900772,14561,1862,1252,20,610370,2020-06-16,8005,96.0,4999,40016995
Destiny 2,7174193,565819,53869,9832,775,1085660,2019-10-01,555551,82.0,3499,1943872949
Destroy All Humans!,1103461,23974,5565,1485,32,803330,2020-07-28,7406,93.0,2999,22210594
Detention,617452,5696,1791,831,7,555220,2017-01-12,9292,95.0,1199,11141108
Detroit: Become Human,1220924,27672,6309,1661,37,1222140,2020-06-18,74924,94.0,3999,299621076
Deus Ex: Human Revolution - Director's Cut,312918,3409,469,423,4,238010,2013-10-25,21763,92.0,1999,43504237
Deus Ex: Mankind Divided,1317586,19783,4792,1776,26,337000,2016-08-23,27485,75.0,5999,164882515
Devil Daggers,180538,1297,520,242,1,422970,2016-02-18,6326,96.0,999,6319674
Devil May Cry 5,2393049,102567,16800,3225,138,601150,2019-03-07,69540,95.0,5999,417170460
Devil May Cry HD Collection,236415,8296,2526,318,11,631510,2018-03-13,6509,91.0,2999,19520491
DiRT Rally,112223,22621,4291,156,31,310560,2015-12-07,38231,77.76,3499,133770269
Dicey Dungeons,610707,6834,1461,828,8,861540,2019-08-13,8391,89.0,1499,12578109
Die Young,160927,625,176,223,0,433170,2019-09-12,1403,80.0,1999,2804597
Digimon Survive,709602,49981,4996,955,67,871980,2022-07-28,2181,80.0,5999,13083819
Digimon World: Next Order,153421,15450,1712,228,23,1530160,2023-02-21,518,85.0,5999,3107482
Dinkum,1225110,40889,5595,1648,54,1062520,2022-07-14,15130,95.0,1999,30244870
Disc Jam,204838,3538,2183,279,4,415880,2017-03-07,797,83.0,1499,1194703
Dishonored,234719,6891,1891,325,9,205100,2012-10-08,55990,97.0,999,55934010
Dishonored 2,1270441,33698,4784,1762,46,403640,2016-11-11,33500,88.0,5999,200966500
Disney Dreamlight Valley,1647699,100938,14998,2267,138,1401590,2022-09-06,11307,93.0,2999,33909693
Doki Doki Literature Club Plus!,1051769,38120,6863,1415,51,1388880,2021-06-30,19246,96.0,1499,28849754
Dome Keeper,1270473,7498,1859,1738,10,1637320,2022-09-27,6616,90.0,1799,11902184
Domina,395205,4045,855,542,5,535230,2017-04-03,8240,35.86,1999,16471760
Don't Starve,161954,8040,1802,223,10,219740,2013-04-23,86669,96.0,999,86582331
Don't Starve Together,634612,29984,4556,869,40,322330,2016-04-21,276084,95.0,1499,413849916
Dota 2,42350161,509145,36145,58036,697,570,2013-07-09,2017009,82.0,2999,6049009991
Dragon Age: Origins,650753,9328,1218,905,12,17450,2009-11-05,8806,76.12,1999,17603194
Dragon's Dogma: Dark Arisen,652855,17834,2236,896,23,367500,2016-01-15,26491,89.0,2999,79446509
Drawful 2,256962,3795,1324,351,4,442070,2016-06-20,715,91.0,999,714285
Dread Hunger,1458541,8201,722,1993,10,1418630,2022-01-26,40357,61.0,2999,121030643
DreadOut 2,399008,1179,282,574,1,945710,2020-02-21,1431,75.0,1999,2860569
Dream Daddy: A Dad Dating Simulator,544538,11682,3257,732,15,654880,2017-07-20,4819,91.0,1499,7223681
Drug Dealer Simulator,2159568,29373,4863,3003,40,682990,2020-04-16,14048,87.0,1999,28081952
Duke Nukem Forever,180847,187,45,243,0,57900,2011-06-13,5260,69.0,1999,10514740
Dungeons & Dragons: Dark Alliance,1967471,66811,11301,2736,92,623280,2021-06-21,3685,50.0,3999,14736315
Dungreed,1300805,10965,2068,1852,15,753420,2018-02-14,7564,92.0,999,7556436
Dwarf Fortress,2991022,36642,4248,4025,49,975370,2022-12-06,19399,95.0,2999,58177601
Dying Light,598969,40434,9175,824,55,239140,2015-01-26,280975,95.0,3999,1123619025
Dying Light: Bad Blood,589867,6088,1638,820,8,766370,2018-09-13,1087,62.24,1999,2172913
Dyson Sphere Program,936196,33932,2919,1330,48,1366540,2021-01-20,64823,97.0,1999,129581177
ELDEN RING,6275674,334744,48378,8704,463,1245620,2022-02-24,520024,92.0,5999,3119623976
ELEX,835363,20972,2277,1134,28,411300,2017-10-17,11396,72.0,4999,56968604
ELEX II,1153943,17966,1528,1553,24,900040,2022-03-01,2960,75.0,4999,14797040
Earthfall,327308,4858,1597,440,6,415590,2018-07-12,1513,64.0,2999,4537487
Eco,895196,11427,948,1256,16,382310,2018-02-06,8883,82.0,2999,26640117
Enter the Gungeon,793458,22041,5210,1087,29,311690,2016-04-05,65522,95.0,1499,98217478
Escape Simulator,966586,21865,6533,1300,29,1435790,2021-10-19,10183,94.0,1499,15264317
Escape the Backrooms,671680,16196,5875,1001,24,1943950,2022-08-11,26829,90.0,999,26802171
Euro Truck Simulator 2,756459,77468,10652,1036,105,227300,2012-10-18,483444,97.0,1999,966404556
Europa Universalis IV,346405,9762,857,476,12,236850,2013-08-13,80718,86.0,3999,322791282
Event[0],154677,392,156,215,0,470260,2016-09-14,1342,78.0,1999,2682658
Evil Dead: The Game,3661194,109926,18009,4947,149,1493750,2023-04-26,620,70.0,2999,1859380
Evil Genius 2: World Domination,1007472,24261,2551,1401,33,700600,2021-03-30,9057,67.0,3999,36218943
Evil West,1074609,24957,5640,1494,34,1065310,2022-11-21,4295,75.0,4999,21470705
Evoland 2,142542,590,107,205,0,359310,2015-08-25,1751,89.0,1999,3500249
Exanima,248458,1088,234,342,1,362490,2015-04-29,8814,82.0,1499,13212186
Exoprimal,1375580,127210,28411,1851,171,1286320,2023-07-13,1501,80.0,5999,9004499
Expeditions: Rome,1068720,8319,703,1438,11,987840,2022-01-20,3436,88.0,4499,15458564
F1 2016,122937,4169,1933,167,5,391040,2016-08-18,2873,60.54,5999,17235127
FAR: Lone Sails,400639,3483,1212,539,4,609320,2018-05-17,13702,94.0,1499,20539298
FIFA 22,28608284,665236,123516,39228,911,1506830,2021-09-30,92689,81.71,5999,556041311
FINAL FANTASY XIV Online,2019384,189416,13451,2773,259,39210,2014-02-18,61607,88.0,1999,123152393
FTL: Faster Than Light,240623,3774,758,330,4,212680,2012-09-14,53889,95.0,999,53835111
Factorio,340533,17863,1878,467,24,427520,2020-08-14,132891,96.0,3500,465118500
Faeria,295230,2407,285,405,2,397060,2017-03-08,1311,84.0,1999,2620689
Fall Guys: Ultimate Knockout,13006660,354073,73442,17675,482,1097150,2020-08-03,389591,68.44,1999,778792409
Fallout 3,269189,8316,1474,374,11,22300,2008-10-28,14970,79.0,999,14955030
Fallout 4,675155,85027,14345,922,115,377160,2015-11-09,201810,83.0,5999,1210658190
Fallout 76,1769353,104917,10979,2438,143,1151340,2020-04-14,45316,75.0,3999,181218684
Fallout: New Vegas,330940,12640,2197,455,16,22380,2010-10-19,145325,96.0,999,145179675
Farm Together,222996,3187,643,314,4,673950,2018-10-11,15954,94.0,1999,31892046
Farmer's Dynasty,234041,1366,179,314,1,678900,2019-11-21,2844,78.0,2999,8529156
Farming Simulator 15,210511,26015,3120,287,35,313160,2014-10-30,11987,91.0,1299,15571113
Farming Simulator 17,348166,34642,3479,477,47,447020,2016-10-24,20387,93.0,3499,71334113
Farming Simulator 19,769753,71660,6601,1055,97,787860,2018-11-19,58049,94.0,3499,203113451
Farming Simulator 22,1192131,93488,11561,1634,127,1248130,2021-11-21,36824,91.0,4999,184083176
Farthest Frontier,2021464,26640,3205,2720,35,1044720,2022-08-09,12847,85.0,2999,38528153
Fate Seeker,246994,2238,215,332,3,882790,2018-08-07,11314,90.0,2109,23861226
Feign,940254,2356,418,1307,3,1436990,2021-10-23,2450,90.0,499,1222550
Firewatch,1569072,28712,8421,2257,41,383870,2016-02-09,56958,88.0,1999,113859042
First Class Trouble,1720535,14940,2878,2368,20,953880,2021-11-01,2457,79.0,1499,3683043
Five Dates,591292,2411,984,822,3,1353270,2020-11-17,1828,89.0,1499,2740172
Five Nights at Freddy's,579190,9694,3651,805,13,319510,2014-08-18,35279,93.0,499,17604221
Five Nights at Freddy's: Security Breach,2583937,87862,24686,3505,118,747660,2021-12-16,47962,86.0,3999,191800038
Five Nights at Freddy's: Sister Location,191520,4976,1931,257,6,506610,2016-10-07,9122,91.0,799,7288478
Food Truck Simulator,706708,3630,1421,982,5,1160920,2022-09-14,783,67.0,1999,1565217
Football Manager 2020,1190098,28880,2169,1633,39,1100600,2019-11-19,15820,84.98,4999,79084180
Football Manager 2021,1359646,34220,2472,1864,46,1263850,2020-11-23,13367,83.35,4999,66821633
Football Manager 2022,1280061,28681,2453,1763,39,1569040,2021-11-08,12496,84.57,5499,68715504
Football Manager 2023,1258007,28880,2934,1726,39,1904540,2022-11-07,10546,88.0,5999,63265454
For The King,752388,14573,2383,1047,20,527230,2018-04-19,24471,88.0,1999,48917529
Forager,964584,25349,4387,1331,34,751780,2019-04-18,28665,90.0,1999,57301335
Forspoken,3353577,79927,12135,4513,107,1680880,2023-01-24,3931,61.0,6999,27513069
Forts,454424,1233,316,618,1,410900,2017-04-19,13586,92.0,1499,20365414
Forza Horizon 4,689700,71333,13042,944,97,1293830,2021-03-09,174791,89.0,5999,1048571209
Forza Horizon 5,3057882,205587,39954,4232,283,1551360,2021-11-08,120481,88.0,5999,722765519
Foundation,312266,7596,1256,465,11,690830,2019-02-01,12660,86.0,2999,37967340
Foxhole,1104062,13963,1125,1493,18,505460,2022-09-28,27878,82.0,2999,83606122
Freedom Planet,224282,358,101,301,0,248310,2014-07-21,2960,96.0,1499,4437040
Friday the 13th: The Game,1220568,51611,10795,1661,69,438740,2017-05-26,62268,79.0,3999,249009732
Frostpunk,951380,18439,3348,1312,24,323190,2018-04-24,76989,91.0,2999,230890011
Furi,754592,23400,8757,1015,31,423230,2016-07-05,8489,91.0,2499,21214011
GRIME,754791,12096,1657,1015,16,1123050,2021-08-02,3109,86.0,2499,7769391
GRIS,654015,10557,3148,880,14,683320,2018-12-13,56134,96.0,1699,95371666
GTFO,851431,23939,5277,1155,32,493520,2021-12-09,34952,87.0,3999,139773048
Gang Beasts,337277,4755,2039,459,6,285900,2017-12-12,40970,83.0,1999,81899030
Garry's Mod,550527,23566,5763,751,31,4000,2006-11-29,841853,96.0,999,841011147
Gas Station Simulator,1595533,21357,3956,2234,29,1149620,2021-09-15,16582,87.0,1999,33147418
Gears 5,919279,73735,8278,1258,100,1097840,2019-09-09,16677,70.0,3999,66691323
Gears Tactics,1054508,21592,2824,1438,29,1184050,2020-04-28,6073,75.0,5999,36431927
Geometry Dash,159227,16053,2390,218,21,322170,2014-12-22,229406,93.0,399,91532994
Getting Over It with Bennett Foddy,1398338,14559,5676,1941,19,240720,2017-12-06,57219,82.0,799,45717981
Ghost Watchers,1392991,33444,10203,1895,45,1850740,2022-07-28,9745,87.0,1499,14607755
Ghost of a Tale,192132,3102,633,260,4,417290,2018-03-13,3449,91.0,2499,8619051
Ghostrunner,984716,32643,8096,1339,44,1139900,2020-10-27,38359,92.0,2999,115038641
Ghosts 'n Goblins Resurrection,821181,4523,616,1164,6,1375400,2021-05-31,607,82.0,2999,1820393
Ghostwire: Tokyo,2315098,52765,9972,3115,71,1475810,2022-03-24,8292,81.0,5999,49743708
Goat Simulator,95776,11030,7582,133,15,265930,2014-04-01,48895,90.0,999,48846105
God of War,1966502,98180,15548,2698,134,1593500,2022-01-14,75121,96.0,4999,375529879
God's Basement,360652,743,286,485,1,753930,2018-10-16,1035,74.0,1499,1551465
Going Medieval,1262155,25812,3069,1755,35,1029780,2021-06-01,12058,89.0,2499,30132942
Gold Rush: The Game,474402,13565,1587,638,18,451340,2017-10-13,11942,71.0,1999,23872058
Golf Gang,1223718,1689,693,1646,2,1151050,2022-05-19,624,87.0,999,623376
Golf It!,452282,3375,1449,615,4,571740,2017-02-17,17956,90.0,899,16142444
Golf With Your Friends,366820,8847,3531,503,11,431240,2020-05-19,38855,89.0,1499,58243645
Golfing Over It with Alva Majo,1268877,5223,2015,1732,6,817510,2018-03-28,1307,74.0,499,652193
Gotham Knights,2745528,158399,24210,3695,213,1496790,2022-10-21,10875,69.0,5999,65239125
Granblue Fantasy: Versus,1230575,26789,3499,1715,36,1090630,2020-03-13,6755,83.0,5999,40523245
Grand Theft Auto III,216252,1118,222,291,1,12100,2011-01-06,9070,76.34,999,9060930
Grand Theft Auto V,64115728,1123643,126038,87926,1539,271590,2015-04-13,1322782,89.85,2999,3967023218
Grand Theft Auto: San Andreas,485477,17847,3786,666,24,12120,2011-01-06,59301,87.96,1499,88892199
Grand Theft Auto: Vice City,312830,2812,593,420,3,12110,2011-01-06,19777,86.18,999,19757223
Granny,715241,1398,500,973,1,962400,2018-11-20,1521,90.0,999,1519479
Graveyard Keeper,1151787,18027,2168,1574,24,599140,2018-08-15,26736,86.0,1999,53445264
GreedFall,1824843,48489,6046,2538,67,606880,2019-09-09,14779,77.0,4999,73880221
Green Hell,927048,25320,3481,1279,34,815370,2019-09-05,43546,87.0,2499,108821454
Griftlands,510792,1767,177,710,2,601840,2021-06-01,12151,94.0,1999,24289849
Grim Dawn,372298,14295,1368,514,19,219990,2016-02-25,70763,93.0,2999,212218237
Grounded,2025021,91907,15508,2751,124,962130,2022-09-27,46337,89.0,3999,185301663
Guacamelee! Gold Edition,233899,168,41,314,0,214770,2013-08-08,2988,93.0,1499,4479012
Gunfire Reborn,737151,28558,4498,1014,39,1217060,2021-11-17,75947,93.0,1999,151818053
HALF DEAD 2,303233,1293,615,408,1,914260,2019-08-02,1804,85.0,499,900196
HITMAN 3,2619207,46899,8801,3583,64,1659040,2022-01-20,12825,84.0,6999,89762175
Hades,1721582,74640,11508,2353,101,1145360,2020-09-17,212427,98.0,2499,530855073
Halcyon 6: Starbase Commander,117101,1299,279,162,1,371200,2016-09-08,959,80.0,1499,1437541
Half-Life 2,327996,5562,1321,441,7,220,2004-11-16,130902,97.0,999,130771098
Half-Life: Alyx,2631169,43547,8169,3552,58,546560,2020-03-23,70666,98.0,5999,423925334
Halls of Torment,1592846,21985,4513,2143,29,2218750,2023-05-24,9850,96.0,499,4915150
Halo: The Master Chief Collection,934596,91502,12447,1275,124,976730,2019-12-03,191261,92.0,3999,764852739
Hand Simulator,394697,4209,2341,535,5,657200,2017-07-18,28054,84.0,199,5582746
Hand of Fate,186997,890,271,269,0,266510,2015-02-17,7721,89.0,2499,19294779
Hand of Fate 2,811098,8867,1540,1121,11,456670,2017-11-07,4877,85.0,2999,14626123
Happy's Humble Burger Farm,1450451,7674,1717,1952,10,1433340,2021-12-03,966,94.0,1999,1931034
Harvester,161453,337,60,217,0,287020,1996-09-25,896,91.0,599,536704
Have a Nice Death,701309,8559,2432,943,11,1740720,2023-03-22,7174,85.0,2499,17927826
Hearts of Iron IV,488973,11945,1514,670,15,394360,2016-06-06,172382,92.0,3999,689355618
Heave Ho,234421,824,339,326,1,905340,2019-08-29,1620,91.0,999,1618380
Heavy Rain,449531,1422,886,606,1,960910,2020-06-18,8318,82.0,1999,16627682
Hell Let Loose,511669,13624,2588,699,18,686810,2021-07-27,67866,83.0,4499,305329134
Hellblade: Senua's Sacrifice,826747,25504,5442,1116,34,414340,2017-08-08,49005,91.0,2999,146965995
Hello Neighbor,457077,3416,1010,617,4,521890,2017-12-08,9439,84.0,2999,28307561
Hello Neighbor 2,1190993,17856,8940,1602,24,1321680,2022-12-06,1412,73.0,3999,5646588
Hellpoint,973262,20878,2475,1309,28,628670,2020-07-30,2244,77.0,3499,7851756
Heroes of Hammerwatch,482577,9716,1256,649,13,677120,2018-03-01,6612,87.0,1199,7927788
Hexen: Beyond Heretic,172767,99,22,232,0,2360,1995-10-01,562,87.0,499,280438
Hi-Fi RUSH,1238104,77184,19251,1845,115,1817230,2023-01-25,15338,97.0,2999,45998662
Hide Or Die,289859,6025,1301,390,8,731620,2020-05-01,1182,56.11,2499,2953818
Hitman: Blood Money,93954,860,260,126,1,6860,2006-05-30,9558,93.0,999,9548442
Hob,153619,4718,986,206,6,404680,2017-09-26,3961,89.0,1999,7918039
Hobo: Tough Life,1130877,8649,1243,1572,12,632300,2021-04-12,6013,83.0,2999,18032987
Hogwarts Legacy,16842526,978880,121568,24875,1423,990080,2023-02-10,153204,92.0,5999,919070796
Holdfast: Nations At War,502041,2178,703,698,2,589290,2020-03-05,20358,90.0,1999,40695642
Hollow Knight,733038,55197,8264,1003,75,367520,2017-02-24,266770,97.0,1499,399888230
Home Sweet Home,435551,3524,921,593,4,617160,2017-09-27,2843,88.0,1699,4830257
Hood: Outlaws & Legends,3438877,83471,11228,4628,112,927350,2021-05-10,5282,52.0,2999,15840718
Hot Lava,422810,3772,1410,588,5,382560,2019-09-19,4423,93.0,1999,8841577
House Flipper,643144,16967,3799,871,22,613100,2018-05-17,68401,93.0,2499,170934099
House Party,232757,374,167,313,0,611790,2022-07-15,12353,87.0,2499,30870147
Human: Fall Flat,414002,10386,4179,562,13,477160,2016-07-22,144013,94.0,1999,287881987
Hunt: Showdown,2149006,117086,10008,2959,160,594650,2019-08-27,133530,83.0,3999,533986470
Hurtworld,217722,13168,1728,293,17,393420,2019-12-10,23824,76.0,2499,59536176
Hyper Light Drifter,256429,11517,2670,356,16,257850,2016-03-31,13059,94.0,1999,26104941
I Am Fish,2118731,14470,4116,2946,20,1472560,2021-09-16,1291,76.0,1999,2580709
I'm on Observation Duty 5,763732,5160,1358,1027,6,1850550,2022-05-13,516,96.0,999,515484
INSIDE,1006447,13111,4040,1354,17,304430,2016-07-07,44707,96.0,1999,89369293
Idol Manager,1070246,5274,784,1440,7,821880,2021-07-26,3058,87.0,1999,6112942
Immortal Redneck,402083,4471,923,541,6,595140,2017-04-25,1966,91.0,1995,3922170
Immortal: Unchained,428410,4306,704,595,5,369440,2018-09-07,622,66.0,4999,3109378
Immortals Fenyx Rising,2417821,42540,4458,3274,57,2221920,2022-12-15,1175,64.0,5999,7048825
Imperator: Rome,759356,9003,1209,1056,12,859580,2019-04-25,16598,59.0,3999,66375402
In Silence,1797162,25116,8862,2446,34,1361000,2021-10-29,8775,79.0,999,8766225
In Sound Mind,826394,11680,1434,1112,15,1119980,2021-09-28,2437,95.0,3499,8527063
Indivisible,626849,17422,2210,843,23,421170,2019-10-08,1942,73.0,3999,7766058
Infliction,419368,2271,730,564,3,692100,2018-10-18,579,82.0,1999,1157421
Inscryption,1425827,41802,6845,1953,56,1092790,2021-10-19,87197,97.0,1999,174306803
Inside the Backrooms,1037452,27830,10077,1408,37,1987080,2022-06-20,29788,85.0,699,20821812
Insurgency: Sandstorm,612790,27906,6363,824,37,581320,2018-12-12,85036,86.0,2999,255022964
Internet Cafe Simulator,702992,4627,1454,977,6,1136160,2019-10-25,7518,74.0,999,7510482
Internet Cafe Simulator 2,4014396,18589,5236,5667,25,1563180,2022-01-07,8663,73.0,1999,17317337
Into the Breach,671691,12583,2558,944,17,590380,2018-02-27,14654,94.0,1499,21966346
Intruder,256499,1117,348,345,1,518150,2019-03-01,4365,90.0,1999,8725635
Iratus: Lord of the Dead,479715,4009,576,645,5,807120,2020-04-23,5834,85.0,2999,17496166
Islands of Nyne: Battle Royale,860606,25139,4229,1188,34,728540,2018-07-12,6801,50.0,2499,16995699
It Takes Two,2378337,78243,15210,3259,107,1426210,2021-03-25,112337,95.0,3999,449235663
Jagged Alliance 3,1512792,17360,1295,2036,23,1084160,2023-07-14,3762,86.0,4499,16925238
Judgment,729838,13075,1192,995,17,2058180,2022-09-14,4202,95.0,3999,16803798
Judgment: Apocalypse Survival Simulation,241637,2042,283,325,2,455980,2018-05-03,1934,80.0,1999,3866066
Jump King,1719298,10606,2642,2337,14,1061090,2019-05-03,9266,90.0,1299,12036534
Jurassic World Evolution,3617965,64744,8640,5025,89,648350,2018-06-12,45184,86.0,4499,203282816
Jurassic World Evolution 2,2531647,50663,5238,3521,70,1244460,2021-11-09,17053,86.0,5999,102300947
Just Dance 2017,152681,1069,304,213,1,446560,2016-10-27,1790,78.0,4999,8948210
Katana ZERO,665019,10328,2607,924,14,460950,2019-04-18,52203,98.0,1499,78252297
Kena: Bridge of Spirits,2260456,93673,12867,3125,128,1954200,2022-09-26,8918,92.0,3999,35663082
Kenshi,544846,9606,952,748,12,233860,2018-12-06,60754,95.0,2999,182201246
Kerbal Space Program,303567,9968,1386,416,13,220200,2015-04-27,94120,95.0,3999,376385880
Kerbal Space Program 2,630625,8538,2304,939,12,954850,2023-02-24,13647,51.0,4999,68221353
Killer Frequency,740854,12342,2857,1030,17,1903620,2023-06-01,778,95.0,2499,1944222
Killer Instinct,250688,7522,2196,342,10,577940,2017-09-27,3642,91.0,3999,14564358
Killing Floor 2,216266,42500,13175,297,58,232090,2016-11-18,74868,89.0,2999,224529132
Kindergarten,251621,426,135,349,0,589590,2017-06-15,6368,96.0,499,3177632
King Arthur: Knight's Tale,853900,9175,683,1149,12,1157390,2022-04-26,4519,83.0,4499,20330981
Kingdom Come: Deliverance,1650694,35041,4063,2383,49,379430,2018-02-13,83511,82.0,2999,250449489
Kingdom Two Crowns,461244,7162,1208,620,9,701160,2018-12-11,16344,91.0,1999,32671656
Kingdom: New Lands,205401,3516,775,276,4,496300,2016-08-09,8224,87.0,1499,12327776
Kingdoms and Castles,318350,3284,931,428,4,569480,2017-07-20,24196,92.0,1499,36269804
Kona,148057,2067,536,199,2,365160,2017-03-17,2223,82.0,1499,3332277
L.A. Noire,573758,6907,1246,783,8,110800,2011-11-08,24582,85.0,1999,49139418
Last Epoch,1605286,28127,2629,2160,37,899770,2019-04-30,19160,84.0,3499,67040840
Last Oasis,3538515,68418,3951,4871,93,903950,2020-03-26,19965,63.0,2999,59875035
Last Tide,356133,3285,1057,479,4,858590,2018-08-27,960,64.0,2499,2399040
Last Year,950451,12018,2068,1291,16,1195460,2019-12-09,9097,61.0,1999,18184903
Late Shift,301352,1651,661,418,2,584980,2017-04-18,6907,87.0,1499,10353593
Layers of Fear,318005,8484,2880,442,11,1946700,2023-06-15,576,73.0,2999,1727424
Left 4 Dead,265959,1143,405,357,1,500,2008-11-17,41000,96.0,999,40959000
Left 4 Dead 2,402067,27224,7008,547,36,550,2009-11-16,564441,97.0,999,563876559
Life is Strange 2,419825,12219,3166,568,16,532210,2018-09-26,27536,80.39,799,22001264
Life is Strange: Before the Storm,379148,12715,3504,520,16,554620,2017-08-31,31993,93.0,1699,54356107
Life is Strange: True Colors,3298523,98393,12131,4587,136,936790,2021-09-09,9275,89.0,5999,55640725
Like a Dragon: Ishin!,1811007,43698,4690,2645,62,1805480,2023-02-21,2627,83.0,5999,15759373
Line of Sight,148671,2974,615,200,4,436520,2017-01-31,9117,59.0,999,9107883
Little Misfortune,701991,3832,1198,944,5,714120,2019-09-18,6710,91.0,1999,13413290
Little Nightmares,924588,37290,10515,1289,52,424840,2017-04-27,36451,94.0,2999,109316549
Little Nightmares II,3285441,95606,18557,4716,136,860510,2021-02-10,23544,94.0,3999,94152456
Loop Hero,6219389,96115,12397,8370,129,1282730,2021-03-04,29276,93.0,1499,43884724
Lost Judgment,1774588,24769,1437,2431,33,2058190,2022-09-14,2833,95.0,5999,16995167
MISTOVER,356455,7075,865,479,9,909510,2019-10-09,1159,50.87,2999,3475841
MORDHAU,2130969,65637,12049,2891,88,629760,2019-04-29,88557,81.0,2999,265582443
Mad Games Tycoon 2,823687,2441,361,1227,3,1342330,2023-05-31,4554,93.0,2499,11380446
Mad Max,210526,6291,1411,288,8,234140,2015-09-01,43796,91.0,1999,87548204
Madden NFL 21,2518543,242328,27709,3463,332,1239520,2020-08-27,5119,53.66,5999,30708881
Madden NFL 22,2008481,202747,30880,2764,278,1519350,2021-08-19,5369,57.0,5999,32208631
Madden NFL 23,1952361,352094,64530,2683,484,1760250,2022-08-18,4130,52.0,5999,24775870
Made in Abyss: Binary Star Falling into Darkness,996544,9516,872,1386,13,1324340,2022-09-02,1188,77.0,5999,7126812
Maelstrom,412819,5043,916,574,7,764050,2019-09-20,2439,82.0,1999,4875561
Mafia,207106,867,138,287,0,40990,2002-08-28,7077,89.0,1499,10608423
Mafia: Definitive Edition,3240675,64473,8852,4482,88,1030840,2020-09-24,44916,86.0,3999,179619084
Maneater,2414797,49778,7754,3250,66,629820,2021-05-25,9016,89.0,3999,36054984
Marauders,1485441,37609,4388,1998,50,1789480,2022-10-03,10346,76.0,2999,31027654
Marble It Up!,328398,592,218,456,0,864060,2018-11-16,571,94.0,2999,1712429
Martha Is Dead,979933,13133,3545,1372,17,515960,2022-02-24,1686,80.0,2999,5056314
Marvel vs. Capcom: Infinite,956626,9042,2499,1314,11,493840,2017-09-19,1741,63.0,5999,10444259
Marvel's Guardians of the Galaxy,2567487,60027,6943,3490,81,1088850,2021-10-26,22790,94.0,5999,136717210
Marvel's Midnight Suns,1986127,54569,5128,2673,73,368260,2022-12-01,9164,81.0,7999,73302836
Max Payne 3,981768,2633,475,1321,3,204100,2012-05-31,38792,85.0,1999,77545208
MechWarrior 5: Mercenaries,588950,17977,1726,792,24,784080,2021-05-26,7336,83.0,2999,22000664
Mechabellum,1141060,9008,855,1547,12,669330,2023-05-11,3369,89.0,1499,5050131
Medieval Dynasty,1256631,31263,3015,1731,42,1129580,2021-09-23,26153,90.0,3499,91509347
Meet Your Maker,997977,35094,8763,1388,48,1194810,2023-04-04,2472,73.0,2999,7413528
Mega Man 11,838410,10853,2083,1137,14,742300,2018-10-02,3066,91.0,2999,9194934
Metal: Hellsinger,1324841,40926,15020,1842,56,1061910,2022-09-15,9268,97.0,2999,27794732
Metro Exodus,2118703,61250,9792,3094,88,412020,2019-02-14,79807,89.0,5999,478762193
Midnight Ghost Hunt,2071385,31511,7564,2880,43,915810,2022-03-31,4504,80.0,1999,9003496
Mighty No. 9,263376,4960,1309,359,6,314710,2016-06-21,1736,58.0,1999,3470264
Minecraft Dungeons,5090928,252266,41560,6898,344,1672970,2021-09-22,7648,91.0,1999,15288352
Miscreated,477734,9926,1329,655,13,299740,2018-12-18,23209,67.0,2999,69603791
Mist Survival,307401,5247,1062,413,7,914620,2018-08-15,10616,80.0,1099,11666984
Monster Hunter Stories 2: Wings of Ruin,3291372,137162,8874,4429,184,1277400,2021-07-08,9922,81.0,5999,59522078
Monster Hunter: World,2889184,163908,20777,3976,224,582010,2018-08-09,231924,87.0,2999,695540076
Monster Train,1789647,19848,2184,2451,26,1102190,2020-05-21,16396,96.0,2499,40973604
Monstrum,123428,514,186,168,0,296710,2015-05-20,2489,92.0,1799,4477711
Moonlighter,630662,15555,3214,859,21,606150,2018-05-29,12446,83.0,1999,24879554
Mortal Kombat X,423888,20327,5543,578,27,307780,2015-04-13,32039,86.0,5999,192201961
Mortal Online 2,717914,21161,1001,1069,31,1170950,2022-01-25,7984,61.0,3999,31928016
Mortal Shell,2330174,38711,6493,3135,52,1110910,2021-08-18,4708,72.0,2999,14119292
Motorsport Manager,1471016,3565,390,2004,4,415200,2016-11-09,10064,91.0,3499,35213936
Mount & Blade II: Bannerlord,2285988,41337,4261,3141,56,261550,2022-10-25,176240,87.0,4999,881023760
Mount & Blade: Warband,589235,7416,1244,803,9,48700,2010-03-31,119491,97.0,1999,238862509
Mount Your Friends,235451,1038,636,316,1,296470,2014-07-29,5134,95.0,499,2561866
Move or Die,202884,1275,319,273,1,323850,2016-01-21,15672,90.0,1499,23492328
MudRunner,219667,10660,2194,305,14,675010,2017-10-30,24420,90.0,2999,73235580
MultiVersus,5163589,230586,79612,6970,311,1818750,2022-07-19,69218,86.65,3999,276802782
Murder House,607620,1855,655,817,2,1064460,2020-10-22,1529,96.0,1199,1833271
Mutant Year Zero: Road to Eden,1357201,22041,3146,1826,29,760060,2018-12-04,11962,90.0,3499,41855038
My Friend Pedro,568454,11299,4535,783,15,557340,2019-06-20,22538,96.0,1999,45053462
My Friendly Neighborhood,1030633,12786,2686,1387,17,1574260,2023-07-18,774,96.0,2999,2321226
My Summer Car,609976,5069,740,832,6,516750,2016-10-24,51036,94.0,1499,76502964
Myth of Empires,1935875,30442,2028,2692,42,1371580,2021-11-18,7091,74.2,2999,21265909
NARAKA: BLADEPOINT,1743149,95863,15759,2367,129,1203220,2021-08-11,147241,74.0,1999,294334759
NBA 2K17,2071392,165159,27721,2849,226,385760,2016-09-20,6033,50.0,5999,36191967
NBA 2K18,1567584,130375,21265,2145,178,577800,2017-09-14,14914,50.0,5999,89469086
NBA 2K19,2347942,192930,28895,3223,264,841370,2018-09-06,15665,42.74,5999,93974335
NBA 2K20,4911758,372656,38292,6714,508,1089350,2019-09-05,45766,63.92,5999,274550234
NBA 2K21,6662712,561472,52794,9161,771,1225330,2020-09-03,28226,59.18,5999,169327774
NBA 2K22,4789599,450538,62925,6573,617,1644960,2021-09-09,29659,58.0,5999,177924341
NBA 2K23,4180801,575837,94867,5746,789,1919590,2022-09-08,32208,64.0,5999,193215792
NEKOPARA Vol. 2,116412,498,135,167,0,420110,2016-02-19,10637,97.0,999,10626363
Naval Action,142677,7021,596,197,9,311310,2019-06-13,11335,58.0,3999,45328665
Necromunda: Hired Gun,793254,14071,2650,1103,19,1222370,2021-05-31,4540,70.0,3999,18155460
Neon Abyss,896701,27378,4420,1206,36,788100,2020-07-14,17427,87.0,1999,34836573
New World,9582426,258221,17509,13057,351,1063730,2021-09-28,221055,70.0,3999,883998945
Next Day: Survival,340346,8166,1744,458,10,519190,2018-05-21,8550,63.0,999,8541450
Nickelodeon All-Star Brawl,3802621,41273,9121,5117,55,1414850,2021-10-04,4137,78.0,4999,20680863
Night in the Woods,484426,4379,902,661,5,481510,2017-02-21,13447,94.0,1999,26880553
Night of the Dead,1144321,15320,1613,1567,20,1377380,2020-08-28,7741,79.0,2499,19344759
No Man's Sky,2041884,85061,12768,2777,115,275850,2016-08-12,206676,76.0,5999,1239849324
Noita,772360,13835,2119,1052,18,881100,2020-10-15,50808,95.0,1999,101565192
Northgard,260553,5441,1080,350,7,466560,2018-03-07,42983,88.0,2999,128906017
Not Tonight,250367,1767,476,336,2,733790,2018-08-17,1603,87.0,1999,3204397
Nuclear Throne,212418,4013,930,287,5,242680,2015-12-05,12418,96.0,1199,14889182
Obduction,163507,2390,460,220,3,306760,2016-08-24,2732,77.0,2999,8193268
Observation,731205,5989,1330,984,8,906100,2020-05-21,3745,79.0,2499,9358755
Old School Musical,227785,1288,384,316,1,398030,2018-09-13,579,91.0,1299,752121
One Hour One Life,1118318,4793,767,1555,6,595690,2018-11-08,3122,80.0,1999,6240878
Onimusha: Warlords,313341,4306,954,421,5,761600,2019-01-15,1594,93.0,1999,3186406
Only Up!,16039966,134777,42445,22078,183,2381590,2023-05-24,10392,71.0,799,8303208
Operation: Tango,1031992,13642,3482,1435,18,1335790,2021-06-01,4841,88.0,1999,9677159
Orcs Must Die! 2,207386,485,163,288,0,201790,2012-07-30,12131,93.0,1499,18184369
Orcs Must Die! 3,981887,13234,2092,1321,17,1522820,2021-07-23,8148,84.0,2999,24435852
Ori and the Blind Forest,331469,14956,3178,447,19,261570,2015-03-10,41987,85.11,1999,83932013
Ori and the Will of the Wisps,2324521,90908,11869,3139,123,1057090,2020-03-10,106278,96.0,2999,318727722
Osiris: New Dawn,145144,4746,1149,198,6,402710,2016-09-28,11688,51.2,2499,29208312
Otaku's Adventure,403777,858,187,561,1,937170,2019-05-20,6262,94.0,699,4377138
Outer Wilds,683401,14773,2119,939,19,753640,2020-06-18,45720,95.0,2499,114254280
Outlast,338588,23191,7459,459,31,238320,2013-09-04,74105,96.0,1999,148135895
Outlast 2,1014266,27346,9421,1396,37,414700,2017-04-25,37035,91.0,2999,111067965
Outlaws of the Old West,283490,18565,1823,381,24,840800,2019-03-12,5341,60.0,1999,10676659
Overcooked! 2,686008,30809,11002,934,41,728880,2018-08-07,36661,90.0,2499,91615839
Overlord II,203475,167,40,282,0,12810,2009-06-23,3312,88.0,999,3308688
Owlboy,271264,2900,656,370,3,115800,2016-11-01,3212,87.0,2499,8026788
Oxygen Not Included,592687,16516,1857,809,22,457140,2019-07-30,96444,96.0,2499,241013556
PAYDAY 2,161983,24524,5288,221,33,218620,2013-08-13,410570,89.0,999,410159430
PC Building Simulator,364594,8141,2139,501,10,621060,2019-01-29,38530,94.0,1999,77021470
PGA TOUR 2K21,1055539,33724,4633,1443,45,1016120,2020-08-20,5145,84.0,5999,30864855
PICO PARK,1544702,15627,6321,2091,20,1509960,2021-05-07,16527,91.0,499,8246973
PUBG: BATTLEGROUNDS,9725767,495358,47808,13337,679,578080,2017-12-21,2201296,57.0,2999,6601686704
"Papers, Please",473786,2447,980,706,3,239030,2013-08-08,55231,97.0,999,55175769
Paradigm,195665,816,187,272,1,600370,2017-04-05,868,96.0,1499,1301132
Parkitect,309702,2199,458,416,2,453090,2018-11-29,5444,94.0,2999,16326556
Passpartout: The Starving Artist,318085,1424,569,442,1,582550,2017-06-06,5410,88.0,999,5404590
Persona 4 Golden,689822,62781,5337,941,85,1113000,2020-06-13,55312,97.0,1999,110568688
Persona 5 Royal,920565,60687,5333,1266,82,1687950,2022-10-20,30721,97.0,5999,184295279
Phantom Abyss,726467,8813,2036,1010,12,989440,2021-06-21,1739,86.0,2499,4345761
Phantom Doctrine,254319,4871,629,342,6,559100,2018-08-14,3365,75.0,3999,13456635
Phasmophobia,5356910,365595,72134,7322,500,739630,2020-09-18,466827,96.0,1399,653090973
Phoenix Point,1462113,19327,1720,1967,26,839770,2020-12-03,3791,72.0,5999,22742209
Phoenix Wright: Ace Attorney Trilogy,281404,2665,431,391,3,787480,2019-04-09,17347,97.0,2999,52023653
Phoning Home,153199,562,135,228,0,431650,2017-02-07,980,69.0,1999,1959020
Pillars of Eternity,473796,6640,813,652,8,291650,2015-03-26,14128,87.0,2999,42369872
Pillars of Eternity II: Deadfire,1731365,25887,2196,2330,34,560130,2018-05-08,11988,87.0,4999,59928012
Pizza Connection 3,273344,1588,390,367,2,588160,2018-03-22,574,47.0,2999,1721426
Plague Inc: Evolved,540415,3673,1551,745,4,246620,2016-02-18,42995,94.0,1499,64449505
Planet Coaster,935762,14759,1910,1289,19,493340,2016-11-17,49231,91.0,4499,221490269
Planet Zoo,1896419,31736,3982,2620,43,703080,2019-11-05,59307,90.0,4499,266822193
PlateUp!,1448478,30077,5801,1984,40,1599600,2022-08-04,9582,95.0,1799,17238018
Pogostuck: Rage With Your Friends,1277441,5738,1290,1752,7,688130,2019-02-28,4671,85.0,699,3265029
Poly Bridge,301493,1178,376,410,1,367450,2016-07-12,14355,91.0,1199,17211645
Poly Bridge 2,1344962,6772,1550,1851,9,1062160,2020-05-28,6420,95.0,1499,9623580
Poly Bridge 3,811375,2387,704,1128,3,1850160,2023-05-30,521,95.0,1999,1041479
Portal 2,300123,10734,3491,409,14,620,2011-04-18,288308,98.0,999,288019692
Post Scriptum,552459,7035,1267,743,9,736220,2018-08-09,14966,80.0,2999,44883034
Power Rangers: Battle for the Grid,8091268,8678,995,10889,11,1110100,2019-09-24,1130,87.0,1999,2258870
PowerWash Simulator,1041649,32118,10208,1420,43,1290000,2022-07-14,33707,97.0,2499,84233793
Predator: Hunting Grounds,742693,22502,4356,1016,30,1556200,2021-04-29,2613,78.0,2999,7836387
Prey,896965,29303,5123,1214,39,480490,2017-05-04,28874,90.0,5999,173215126
Prison Architect,142105,2774,648,190,3,233450,2015-10-06,53578,90.0,2999,160680422
Prison Simulator,873597,6659,1659,1215,9,842180,2021-11-04,1603,87.0,1999,3204397
Pro Soccer Online,619859,606,84,834,0,1583320,2021-11-15,11326,92.0,999,11314674
Project CARS 2,201190,10663,2376,279,14,378860,2017-09-21,11081,76.67,5999,66474919
Project Highrise,205267,1247,346,285,1,423580,2016-09-08,3179,85.0,1999,6354821
Project Winter,732261,9319,1724,1006,12,774861,2019-05-23,13096,85.0,1999,26178904
Project Zomboid,3404966,78423,9566,4665,107,108600,2013-11-08,165482,94.0,1999,330798518
Propnight,3177008,42276,7099,4301,57,1549180,2021-12-01,14426,67.0,1999,28837574
Psychonauts 2,1091485,45502,6546,1469,61,607080,2021-08-24,7828,97.0,5999,46960172
Pummel Party,968649,16566,5354,1328,22,880940,2018-09-20,35912,89.0,1499,53832088
Punch Club,470411,4245,916,641,5,394310,2016-01-08,9502,82.0,999,9492498
Punch Club 2: Fast Forward,1495258,6941,994,2012,9,1161590,2023-07-20,897,79.0,1999,1793103
Quantum Break,1235417,30206,6411,1718,42,474960,2016-09-29,18221,86.0,3999,72865779
Quiplash,146133,4221,1457,200,5,351510,2015-06-30,855,93.0,999,854145
RAGE 2,3004606,66442,10513,4043,89,548570,2019-05-14,12904,62.0,5999,77411096
Rabi-Ribi,100594,2944,462,144,4,400910,2016-01-28,9419,96.0,1799,16944781
Raft,1754633,61078,11255,2386,82,648800,2022-06-20,235975,93.0,1999,471714025
Railway Empire,276041,2255,390,411,3,503940,2018-01-26,6579,82.0,4999,32888421
Ratchet & Clank: Rift Apart,4702938,136911,14327,6540,190,1895880,2023-07-26,1109,84.0,5999,6652891
Ratropolis,748399,6142,850,1040,8,1108370,2020-12-22,4593,88.0,1799,8262807
Ready or Not,2214276,54186,14136,2980,72,1144200,2021-12-17,91986,91.0,3999,367852014
Rebel Galaxy Outlaw,426154,4818,746,573,6,910830,2020-09-22,674,66.0,2999,2021326
Red Dead Redemption 2,3104279,236684,30149,4253,324,1174180,2019-12-05,394937,90.0,5999,2369227063
Redfall,2850843,141609,34278,3836,190,1294810,2023-05-01,1763,31.0,6999,12339237
Remnant II,6976623,283087,32813,9389,380,1282100,2023-07-25,6261,81.0,4999,31298739
Remnant: From the Ashes,1834655,96251,13482,2483,130,617290,2019-08-19,39273,85.0,3999,157052727
Remothered: Tormented Fathers,306195,3066,839,456,4,633360,2018-01-30,1456,75.0,1999,2910544
Rend,670856,12764,1451,902,16,547860,2019-03-29,1445,52.61,2999,4333555
Resident Evil,367373,8309,2616,502,11,304240,2015-01-19,15530,92.0,1999,31044470
Resident Evil 2,1442945,71631,12619,1993,98,883710,2019-01-24,92283,97.0,3999,369039717
Resident Evil 3,5788535,162507,24811,8022,224,952060,2020-04-02,48121,80.0,5999,288677879
Resident Evil 4,2610602,125080,19122,3564,170,2050650,2023-03-23,54056,97.0,5999,324281944
Resident Evil 5,248931,6490,2303,349,8,21690,2009-09-15,26446,87.0,1999,52865554
Resident Evil 6,416217,11337,2474,560,15,221040,2013-03-22,31642,79.0,2999,94894358
Resident Evil Village,8070879,294413,34485,10899,397,1196590,2021-05-06,64873,95.0,7999,518919127
Return of the Obra Dinn,259452,1766,405,365,2,653530,2018-10-18,19682,96.0,1999,39344318
Return to Monkey Island,804367,15458,2569,1118,21,2060130,2022-09-19,7033,92.0,2499,17575467
Reventure,363786,3084,903,505,4,900270,2019-06-04,6984,95.0,799,5580216
Rhythm Doctor,877177,8941,2906,1180,12,774181,2021-02-26,16387,98.0,1599,26202813
RiME,168049,3780,1051,230,4,493200,2017-05-26,3016,90.0,2999,9044984
Riders Republic,1791100,16933,4611,2410,22,2290180,2023-06-08,3772,80.0,5999,22628228
Riders of Icarus,185519,18141,2775,249,24,442080,2016-07-06,10507,66.0,2499,26256993
RimWorld,1064438,28659,2560,1457,38,294100,2018-10-17,138460,98.0,3499,484471540
Rising Storm 2: Vietnam,164970,10967,2994,225,14,418460,2017-05-30,36748,87.0,2999,110207252
Risk of Rain 2,1276906,64437,12719,1751,88,632360,2020-08-11,162603,96.0,2499,406344897
Rocket Arena,716414,18463,3323,964,24,1233550,2020-07-13,759,73.0,499,378741
Rogue Legacy 2,3296844,31806,4985,4476,42,1253920,2022-04-28,12282,90.0,2499,30692718
Rogue Tower,672834,5197,1193,1002,7,1843760,2022-01-28,4519,82.0,1499,6773981
Romance of the Three Kingdoms XIII,195258,1560,68,262,2,363150,2016-01-27,5078,54.0,5999,30462922
Rubber Bandits,833258,3536,1906,1121,4,1206610,2021-12-02,2939,88.0,1999,5875061
Rust,10434473,183374,18355,14292,251,252490,2018-02-08,775223,87.0,3999,3100116777
Rusty Lake Paradise,257303,1488,392,346,2,744190,2018-01-11,3696,95.0,399,1474704
S.T.A.L.K.E.R.: Call of Pripyat,233727,2568,515,314,3,41700,2010-02-11,19486,95.0,1999,38952514
S.T.A.L.K.E.R.: Clear Sky,255110,1508,248,343,2,20510,2008-09-15,13325,86.0,999,13311675
SCP: Secret Files,781469,4241,1273,1086,5,1718130,2022-09-13,3102,90.0,1499,4649898
SCUM,2927817,92339,11784,3997,126,513710,2018-08-29,73578,74.0,3999,294238422
SOMA,224838,5115,1294,302,6,282140,2015-09-21,31561,95.0,2999,94651439
SUPERHOT,245351,4545,2158,347,5,322500,2016-02-25,22958,91.0,2499,57372042
Sakuna: Of Rice and Ruin,1199711,28624,2221,1668,39,1356670,2020-11-10,3846,93.0,3999,15380154
Salt and Sanctuary,453521,15705,2800,609,21,283640,2016-05-17,16579,89.0,1799,29825621
Satisfactory,1131656,57311,5760,1546,78,526870,2020-06-08,117921,97.0,2999,353645079
Scorn,3937538,92364,29783,5299,124,698670,2022-10-14,8059,76.0,3999,32227941
Scrap Mechanic,1119039,25776,2951,1514,34,387990,2016-01-19,89346,93.0,1999,178602654
Scrutinized,2813543,10111,1903,3786,13,1384770,2020-08-05,868,89.0,999,867132
Secret of Mana,349162,12884,2010,500,18,637670,2018-02-15,1966,69.0,3999,7862034
Serious Sam 4,580536,12029,2061,807,16,257420,2020-09-24,11809,83.0,3999,47224191
Shadow Tactics: Blades of the Shogun,207441,4900,16,279,6,418240,2016-12-06,27266,96.0,3999,109036734
Shadow Warrior 2,768859,14698,3011,1034,19,324800,2016-10-13,20612,87.0,3999,82427388
ShellShock Live,405455,3932,923,569,4,326460,2020-05-22,27109,93.0,1499,40636391
Shenmue I & II,374583,6426,889,504,8,758330,2018-08-21,1647,89.0,2999,4939353
Shenmue III,955001,12325,1405,1328,17,878670,2020-11-19,708,78.0,4999,3539292
Sherlock Holmes: The Devil's Daughter,236328,2346,386,328,3,350640,2016-06-10,10441,80.0,4999,52194559
ShootMania Storm,449923,1036,147,605,1,229870,2013-04-10,581,84.0,1999,1161419
Shoppe Keep,217437,284,5,292,0,381120,2016-05-20,1959,68.0,499,977541
Shoppe Keep 2,218392,2105,594,293,2,684580,2019-04-25,1453,59.0,1299,1887447
Sifu,7868018,148649,37354,11725,221,2138710,2023-03-28,3326,92.0,3999,13300674
Sign of Silence,683145,5627,2251,919,7,1346070,2020-10-01,1620,53.0,1499,2428380
Silver Chains,521623,3355,1029,702,4,975470,2019-08-06,529,74.0,2499,1321971
Skul: The Hero Slayer,991414,23208,3829,1380,32,1147560,2021-01-20,38201,93.0,1999,76363799
Slay the Spire,1178056,20864,3725,1621,28,646570,2019-01-23,115269,97.0,2499,288057231
Slime Rancher,303745,16971,4840,408,22,433340,2017-08-01,96765,97.0,1999,193433235
Slime Rancher 2,2017857,57937,17458,2806,80,1657630,2022-09-22,19025,95.0,2999,57055975
Smalland: Survive the Wilds,1016397,40388,5199,1413,56,768200,2023-03-29,3721,85.0,2499,9298779
Sniper Elite 4,855764,20330,3662,1275,30,312660,2017-02-13,41845,91.0,5999,251028155
Sniper Elite 5,1820321,58092,13942,2488,79,1029690,2022-05-25,9692,79.0,4999,48450308
Sniper Ghost Warrior Contracts 2,778271,16694,2273,1082,23,1338770,2021-06-04,7090,84.0,3999,28352910
SnowRunner,1314994,68148,5969,1786,92,1465360,2021-05-17,20527,89.0,2999,61560473
Songs of Conquest,709895,7578,1509,955,10,867210,2022-05-10,4943,87.0,2999,14824057
Sonic Forces,235696,11547,3008,327,16,637100,2017-11-07,5191,62.0,3999,20758809
Sonic Frontiers,2638689,147115,20908,3669,204,1237320,2022-11-07,14594,93.0,5999,87549406
Sonic Mania,460435,23266,7110,625,31,584400,2017-08-29,19039,93.0,1999,38058961
Soulstone Survivors,1344718,19436,3513,1870,27,2066020,2022-11-07,12002,90.0,999,11989998
Space Engineers,380498,17778,2009,511,23,244850,2019-02-28,78144,89.0,1999,156209856
SpeedRunners,208783,2304,927,286,3,207140,2016-04-19,21419,94.0,1499,32107081
Spelunky,147342,2444,603,201,3,239350,2013-08-08,13608,92.0,1499,20398392
Spelunky 2,1849790,16468,2395,2540,22,418530,2020-09-29,15634,93.0,1999,31252366
SpongeBob SquarePants: Battle for Bikini Bottom - Rehydrated,1304063,33998,8270,1800,46,969990,2020-06-23,11388,94.0,2999,34152612
SpongeBob SquarePants: The Cosmic Shake,705515,14827,3784,1051,22,1282150,2023-01-31,1205,92.0,3999,4818795
SpyParty,1354573,5478,1350,1883,7,329070,2018-04-12,916,81.0,2499,2289084
Squad,551766,21134,2778,760,28,393380,2020-09-23,103913,88.0,4999,519461087
Starbase,1175752,29723,1417,1582,40,454120,2021-07-29,5765,60.0,3499,20171735
Starbound,260396,9066,1752,357,11,211820,2016-07-22,83075,91.0,1499,124529425
Stardew Valley,1071113,82756,13330,1467,113,413150,2016-02-26,495433,98.0,1499,742654067
Starship Troopers: Extermination,1342848,33798,7634,1807,45,1268750,2023-05-17,19519,92.0,2499,48777981
Stationeers,177923,3336,350,239,4,544550,2017-12-12,5103,84.0,3499,17855397
Stay Out of the House,715903,3086,978,963,4,896520,2022-10-13,711,94.0,1499,1065789
Steelrising,1813397,33093,4375,2522,46,1283400,2022-09-08,1970,74.0,4999,9848030
Stellaris,493587,17341,2164,675,23,281990,2016-05-09,106838,88.0,3999,427245162
Stilt Fella,1632057,3037,776,2196,4,1133590,2020-02-26,740,92.0,999,739260
Stonehearth,382387,3068,332,514,3,253250,2018-07-25,9556,77.0,1999,19102444
Stoneshard,1332969,18681,3108,1917,26,625960,2020-02-06,23149,75.0,2499,57849351
Stories Untold,136187,433,135,183,0,558420,2017-02-27,3596,87.0,999,3592404
Stranded Deep,388871,9712,1455,540,13,313120,2022-08-10,37540,75.0,1999,75042460
Strange Brigade,279452,4623,1067,376,6,312670,2018-08-27,4075,85.0,4999,20370925
Stray,5091275,231389,65421,6851,311,1332010,2022-07-19,109121,97.0,2999,327253879
Streamer Life Simulator,1117849,5883,1529,1532,7,1261040,2020-08-21,5671,79.0,1999,11336329
Street Fighter V,2097758,36902,4645,2874,50,310950,2016-02-15,26370,71.0,1999,52713630
Streets of Rage 4,904921,57127,10170,1217,76,985890,2020-04-30,14075,92.0,2499,35173425
Stumble Guys,1233074,79467,34379,1687,108,1677740,2021-10-07,86792,86.0,799,69346808
Subnautica,767326,42545,6674,1052,57,264710,2018-01-23,216502,96.0,2999,649289498
Subnautica: Below Zero,2348327,53152,6488,3190,72,848450,2021-05-13,73071,91.0,2999,219139929
Sun Haven,756077,28970,3609,1051,40,1432860,2023-03-10,8733,87.0,2499,21823767
Superliminal,611776,2612,1009,850,3,1049410,2020-11-05,19563,94.0,1999,39106437
Supraland,326676,3387,732,447,4,813630,2019-04-05,8434,96.0,1999,16859566
Surgeon Simulator 2,756924,3018,1065,1032,3,774791,2021-09-02,897,69.0,1999,1793103
Surviving Mars,1854455,34089,4219,2495,45,464920,2018-03-15,14504,85.0,2999,43497496
Suspects: Mystery Mansion,1956135,3486,691,2632,4,1576060,2021-11-11,1146,76.0,499,571854
Sword Art Online: Fatal Bullet,269398,27310,4447,384,38,626690,2018-02-23,14273,80.0,4999,71350727
Swords of Legends Online,1087748,41649,3258,1463,55,1418100,2021-07-09,5600,62.07,3999,22394400
Syberia 3,164992,3191,406,229,4,464340,2017-04-20,2529,52.0,2999,7584471
System Shock,831546,5848,1575,1119,7,482400,2023-05-30,4332,92.0,3999,17323668
Tabletop Simulator,252339,5132,1317,343,6,286160,2015-06-05,35757,96.0,1999,71478243
Tactics Ogre: Reborn,730268,29801,2274,1015,41,1451090,2022-11-11,2396,74.0,4999,11977604
Tales from the Borderlands,232835,3140,792,335,4,330830,2021-02-16,12735,94.0,1999,25457265
Tales of Arise,3887606,276115,15551,5406,384,740130,2021-09-09,22572,89.0,5999,135409428
Teamfight Manager,1934496,11954,1658,2603,16,1372810,2021-03-01,4636,86.0,999,4631364
Teardown,1966486,14577,3463,2735,20,1167630,2022-04-21,69541,96.0,2999,208553459
Teenage Mutant Ninja Turtles: Shredder's Revenge,1486640,76031,27970,2067,105,1361510,2022-06-16,10003,94.0,2499,24997497
Tell Me Why,628808,41836,6499,874,58,1180660,2020-08-27,3074,90.0,2999,9218926
Telling Lies,510276,2312,596,686,3,762830,2019-08-23,1008,65.0,1999,2014992
Temtem,2143319,74665,10633,2947,103,745920,2022-09-06,30152,83.0,4499,135653848
Terraria,1059837,65352,10742,1448,89,105600,2011-05-16,927752,97.0,999,926824248
The Ascent,769332,49378,8880,1035,66,979690,2021-07-29,15354,75.0,2999,46046646
The Ball,208863,91,24,281,0,35460,2010-10-26,751,74.0,999,750249
The Beast Inside,899300,12972,2428,1218,17,792300,2019-10-17,7226,83.0,2499,18057774
The Binding of Isaac: Rebirth,650630,24573,4219,898,33,250900,2014-11-04,221166,97.0,1499,331527834
The Bunker,202778,987,426,278,0,481110,2016-09-20,1284,69.0,1999,2566716
The Coin Game,543815,814,291,770,1,598980,2019-02-22,4315,96.0,1399,6036685
The Council,229122,1956,674,308,2,287630,2018-03-13,4617,84.0,2999,13846383
The Dark Occult,582616,6784,1348,792,8,921780,2018-09-25,945,69.0,2499,2361555
The Dark Pictures Anthology: House of Ashes,3783087,59406,11300,5119,80,1281590,2021-10-21,4583,88.0,2999,13744417
The Dark Pictures Anthology: Little Hope,3514379,63871,13868,4805,87,1194630,2020-10-29,4897,72.0,2999,14686103
The Dark Pictures Anthology: Man of Medan,1446279,30189,8108,1974,41,939850,2019-08-29,6487,73.0,2999,19454513
The Dark Pictures Anthology: The Devil in Me,2604112,40041,8412,3587,54,1567020,2022-11-17,1990,55.0,3999,7958010
The Elder Scrolls V: Skyrim Special Edition,733964,82190,8440,987,110,489830,2016-10-27,134600,94.0,3999,538265400
The End Is Nigh,620524,7300,1383,835,9,583470,2017-07-12,2580,93.0,1499,3867420
The Escapists,309843,1338,456,417,1,298630,2015-02-13,13807,90.0,1799,24838793
The Escapists 2,540831,8430,2189,737,11,641990,2017-08-21,21477,90.0,1999,42932523
The Evil Within,388049,14717,2653,524,19,268050,2014-10-13,16080,84.0,1999,32143920
The Evil Within 2,1990148,34258,6880,2698,46,601430,2017-10-12,15470,92.0,3999,61864530
The Forest,700960,58037,11774,959,79,242760,2018-04-30,413144,95.0,1999,825874856
The Guest,99303,415,177,133,0,402040,2016-03-10,681,75.0,999,680319
The Isle,1038089,17236,1691,1454,23,376210,2015-12-01,61986,83.0,1999,123910014
The Jackbox Party Pack 4,444136,10130,2355,603,13,610180,2017-10-18,2041,94.0,2499,5100459
The Jackbox Party Pack 5,598078,13824,3394,814,18,774461,2018-10-17,1819,93.0,2999,5455181
The Jackbox Party Pack 6,549597,24699,6169,747,33,1005300,2019-10-16,1979,95.0,2999,5935021
The Last Spell,1938453,14587,1388,2656,19,1105670,2023-03-09,8330,91.0,2499,20816670
The Long Dark,517157,14533,1987,702,19,305620,2017-08-01,86002,91.0,2999,257919998
The Long Drive,894712,3228,884,1220,3,1017180,2019-09-25,21700,91.0,1599,34698300
The Long Journey Home,200259,908,227,269,1,366910,2017-05-30,1239,58.0,3999,4954761
The Medium,1879310,61072,12944,2592,86,1293160,2021-01-01,5565,88.0,4999,27819435
The Messenger,431618,7634,1219,592,10,764790,2018-08-30,7117,94.0,1999,14226883
The Mortuary Assistant,2303771,47067,14280,3124,63,1295920,2022-08-02,3989,92.0,2499,9968511
The Outer Worlds,3147387,141442,23404,4265,192,578650,2020-10-23,20214,84.0,5999,121263786
The Outlast Trials,2960514,82316,18905,4008,111,1304930,2023-05-18,25264,93.0,2999,75766736
The Pedestrian,359607,1245,466,517,1,466630,2020-01-29,3360,97.0,1999,6716640
The Quarry,7658431,108576,18869,10588,148,1577120,2022-06-09,5734,79.0,6999,40132266
The Red Strings Club,198079,657,196,295,0,589780,2018-01-22,9070,94.0,1499,13595930
The Riftbreaker,938008,24365,2771,1262,32,780310,2021-10-14,13410,91.0,2999,40216590
The Room Three,353688,2774,630,491,3,456750,2018-11-13,9425,96.0,599,5645575
The Sinking City,989684,16491,2459,1357,22,750130,2021-02-26,2393,73.0,3999,9569607
The Solus Project,156208,917,266,222,0,313630,2016-06-07,2401,79.0,1999,4799599
The Stanley Parable: Ultra Deluxe,1435018,20655,6565,1955,27,1703340,2022-04-27,21336,94.0,2499,53318664
The Suicide of Rachel Foster,378256,3354,922,544,4,1057750,2020-02-19,4019,70.0,1799,7230181
The Surge,1425920,30448,5214,1919,40,378540,2017-05-15,6414,76.0,4999,32063586
The Surge 2,853549,6913,935,1179,9,644830,2019-09-23,5367,77.0,4999,26829633
The Survivalists,592542,13441,2481,797,18,897450,2020-10-09,4434,76.0,2499,11080566
The Town of Light,100594,545,204,135,0,433100,2016-02-26,1763,79.0,1899,3347937
The Turing Test,141741,2269,598,197,3,499520,2016-08-30,5923,87.0,1999,11840077
The Underground Man,232615,1396,332,323,1,513230,2016-09-01,1300,80.0,499,648700
The Walking Dead: A New Frontier,293813,6076,1460,400,7,536220,2016-12-20,11371,80.0,1499,17045129
The Walking Dead: Saints & Sinners,515711,6693,1700,742,9,916840,2020-01-23,6546,88.0,3999,26177454
The Walking Dead: Season Two,201775,5869,125,271,7,261030,2013-12-17,21491,96.0,2499,53706009
The Walking Dead: The Final Season,320555,7124,3488,434,9,866800,2018-08-14,12232,94.0,1999,24451768
The Wandering Village,999255,12324,2743,1389,17,1121640,2022-09-14,3518,89.0,2499,8791482
The Wild Eight,256058,4363,1018,381,6,526160,2019-10-03,6056,71.0,2499,15133944
The Witness,456651,11049,2098,637,15,210970,2016-01-26,12504,85.0,3999,50003496
They Are Billions,1334249,14455,1529,1818,19,644930,2019-06-18,38695,85.0,2999,116046305
Thief Simulator,754737,5531,1700,1043,7,704850,2018-11-09,22188,88.0,1999,44353812
This Is the Police,444998,4395,993,600,5,443810,2016-08-02,7994,83.0,1499,11983006
This Is the Police 2,569861,8212,1314,766,11,785740,2018-07-31,4378,77.0,1499,6562622
This War of Mine,257056,5831,1419,357,8,282070,2014-11-14,61732,94.0,1999,123402268
Thronebreaker: The Witcher Tales,931913,9292,1293,1262,12,973760,2018-11-09,12980,89.0,2999,38927020
Through the Woods,187158,839,314,251,1,368430,2016-10-27,1008,71.0,1999,2014992
Thymesia,1408357,25898,5439,1895,34,1343240,2022-08-18,4788,86.0,2499,11965212
Timberborn,787282,14529,1947,1077,19,1062090,2021-09-15,18209,95.0,2499,45504291
Tiny Rogues,637425,1966,614,886,2,2088570,2022-09-23,3116,97.0,599,1866484
Tiny Tina's Wonderlands,3259927,201391,30371,4441,275,1286680,2022-06-23,9094,76.0,7999,72742906
Tomb Raider II,261718,941,126,352,1,225300,2012-11-28,1830,87.0,699,1279170
Torchlight III,531084,12472,1410,726,16,1030210,2020-10-13,9794,47.0,3999,39166206
Tormented Souls,944807,18455,2816,1292,25,1367590,2021-08-26,3149,93.0,1999,6294851
Total Lockdown,531250,1157,216,715,1,1121710,2020-03-25,688,77.0,2999,2063312
Total War: WARHAMMER III,1235452,29709,2492,1718,41,1142710,2022-02-16,52563,74.0,5999,315325437
Totally Accurate Battle Simulator,503213,4394,2233,693,5,508440,2021-04-01,102100,98.0,1999,204097900
Totally Accurate Battlegrounds,1048313,31430,12934,1457,43,823130,2018-06-05,79772,88.0,499,39806228
Tower Unite,165776,858,274,233,0,394690,2016-04-08,14023,90.0,1999,28031977
Town of Salem,247572,5876,1568,339,7,334230,2014-12-15,30924,89.0,499,15431076
Town of Salem 2,650654,2085,532,904,2,2140510,2023-05-26,2112,87.0,999,2109888
Transport Fever,355060,6367,565,493,8,446800,2016-11-08,8967,82.0,3499,31375533
Transport Fever 2,739280,16594,1680,994,22,1066780,2019-12-11,17375,88.0,3999,69482625
Trek to Yomi,622143,29248,10889,837,39,1370050,2022-05-05,1369,71.0,1999,2736631
Trials of Mana,1135410,38267,2959,1555,52,924980,2020-04-24,4040,92.0,4999,20195960
Tribes of Midgard,2017271,47665,6148,2714,63,858820,2021-07-27,13937,76.0,1999,27860063
Tricky Towers,715245,1949,814,972,2,437920,2016-08-02,10092,90.0,1499,15127908
Trine 4: The Nightmare Prince,436433,6253,1173,587,8,690640,2019-10-08,9054,90.0,2999,27152946
Trombone Champ,931016,6677,3962,1294,9,1059990,2022-09-15,6637,98.0,1499,9948863
Tropico 5,179152,1258,348,241,1,245620,2014-05-23,9323,78.0,1999,18636677
Tropico 6,1137467,14037,2192,1562,19,492720,2019-03-29,15723,87.0,4999,78599277
Trover Saves the Universe,365558,9998,2956,508,13,1051200,2019-06-04,2591,91.0,2999,7770409
Twelve Minutes,4709086,55686,13034,6359,75,1097200,2021-08-19,5941,73.0,2499,14846559
Two Point Campus,1638455,29337,6596,2205,39,1649080,2022-08-09,2167,88.0,3999,8665833
Two Point Hospital,999256,20888,3973,1369,28,535930,2018-08-29,22869,92.0,3499,80018631
Tyranny,275413,6105,880,383,8,362960,2016-11-10,8634,87.0,4499,38844366
UNO,496973,7266,4227,687,9,470220,2016-12-08,35188,73.0,999,35152812
Ultimate Chicken Horse,202219,1665,657,271,2,386940,2016-03-04,27209,96.0,1499,40786291
UnderMine,735528,10965,1582,989,14,656350,2020-08-06,7645,92.0,1999,15282355
Undertale,309564,14321,3253,433,19,391540,2015-09-15,178894,96.0,999,178715106
Undisputed,1066525,24598,5066,1589,36,1451190,2023-01-31,8283,76.0,2999,24840717
Unpacking,1322649,26443,7502,1839,36,1135690,2021-11-01,20082,92.0,1999,40143918
Unrailed!,601192,2746,652,809,3,1016920,2020-09-23,11092,93.0,1999,22172908
Unravel,540842,16720,5283,778,24,1225560,2016-02-09,3013,91.0,1999,6022987
Unravel Two,446773,3531,1041,621,4,1225570,2018-06-09,3825,82.0,1999,7646175
Until We Die,1180349,5960,921,1641,8,1197570,2021-06-03,3659,69.0,1699,6216641
Untitled Goose Game,719226,11489,4267,986,15,837470,2020-09-23,13575,95.0,1999,27136425
Use Your Words,233473,1312,432,321,1,521350,2017-04-04,661,90.0,1499,990839
V Rising,5418040,142018,16353,7327,192,1604030,2022-05-17,62539,88.0,1999,125015461
VVVVVV,165691,297,101,223,0,70300,2010-09-07,5651,96.0,499,2819849
Valheim,4095888,250536,23316,5821,351,892970,2021-02-02,353477,95.0,1999,706600523
Vampire Survivors,2715286,41655,11538,3796,57,1794680,2022-10-20,191904,98.0,499,95760096
Vampire: The Masquerade - Bloodlines,219725,1491,211,296,1,2600,2004-11-16,10859,94.0,1999,21707141
Vampyr,2922646,91867,13170,4064,127,427290,2018-06-04,14593,76.0,3999,58357407
Vanquish,202305,3074,999,272,4,460810,2017-05-25,5495,89.0,1999,10984505
Victoria 3,1150436,15558,1561,1569,21,529340,2022-10-25,22292,66.0,4999,111437708
Viewfinder,1212150,12028,3449,1631,16,1382070,2023-07-18,1611,92.0,2499,4025889
Visage,873760,18454,4776,1192,24,594330,2020-10-29,6338,87.0,3499,22176662
Viscera Cleanup Detail,250781,1091,69,337,1,246900,2015-10-23,14057,93.0,1299,18260043
Void Bastards,464426,7421,2045,635,9,857980,2019-05-28,3475,87.0,2999,10421525
Voidtrain,743089,11094,1767,999,14,1159690,2023-05-09,2158,68.0,2999,6471842
WHAT THE GOLF?,470513,1557,546,633,2,785790,2020-10-22,2687,93.0,1999,5371313
WWE 2K17,263701,23029,3868,372,31,510510,2017-02-06,1044,61.34,4999,5218956
WWE 2K18,262048,22426,3584,365,30,664430,2017-10-17,1547,52.62,5999,9280453
WWE 2K19,690243,34984,4693,928,47,817130,2018-10-08,2788,57.17,5999,16725212
WWE 2K20,296891,10979,1575,399,14,1015500,2019-10-21,3895,56.53,5999,23366105
WWE 2K22,3671722,128099,22168,4978,174,1255630,2022-03-10,7433,74.0,5999,44590567
WWE 2K23,1135342,101712,17034,1543,138,1942660,2023-03-16,2053,81.0,9999,20527947
Wall World,757284,7385,1386,1053,10,2187290,2023-04-05,4540,92.0,499,2265460
Wargroove,524986,14432,2696,782,21,607050,2019-02-01,3688,84.0,1999,7372312
"Warhammer 40,000: Chaos Gate - Daemonhunters",2221263,17206,1686,2989,23,1611910,2022-05-05,7471,78.0,4499,33612029
"Warhammer 40,000: Darktide",3102465,76688,11989,4241,104,1361210,2022-11-30,60687,55.0,3999,242687313
"Warhammer 40,000: Dawn of War III",589645,12494,1673,810,16,285190,2017-04-27,12066,49.0,5999,72383934
"Warhammer 40,000: Eternal Crusade",108146,3005,328,150,4,375230,2016-09-23,3792,51.81,1999,7580208
"Warhammer 40,000: Inquisitor - Prophecy",272130,1401,151,366,1,1042800,2019-07-30,2281,79.0,2499,5700219
Warhammer: Vermintide 2,1357379,59898,8772,1858,81,552500,2018-03-08,73607,84.0,2999,220747393
Wartales,1806578,26085,2156,2491,35,1527950,2023-04-12,16914,90.0,3499,59182086
Wasteland 3,1278590,32286,3279,1742,44,719040,2020-08-27,14001,84.0,5999,83991999
Way of the Hunter,1076734,24375,3373,1449,32,1288320,2022-08-16,4122,77.0,3999,16483878
We Happy Few,1162492,19433,3898,1564,25,320240,2018-08-10,9832,76.0,5999,58982168
We Were Here Forever,1898351,25844,4216,2579,34,1341290,2022-05-10,8879,91.0,1799,15973321
We Were Here Together,818094,8882,1871,1107,12,865360,2019-10-10,9088,85.0,1299,11805312
We Were Here Too,502857,5331,1735,749,7,677160,2018-02-02,5354,80.0,999,5348646
Weed Shop 2,343217,3011,444,461,4,617700,2017-03-30,808,86.0,999,807192
Weed Shop 3,1033032,9925,1029,1418,13,1182110,2022-04-20,3090,94.0,1999,6176910
Welcome to the Game,362331,1039,340,498,1,485380,2016-06-15,2042,84.0,499,1018958
Welcome to the Game II,1565779,6417,1480,2158,8,720250,2018-04-03,2334,86.0,999,2331666
What Remains of Edith Finch,207522,1582,668,282,2,501300,2017-04-24,30648,95.0,1999,61265352
White Day: A Labyrinth Named School,406009,3150,493,552,4,466130,2017-08-22,2196,81.0,2999,6585804
Witch It,324012,887,327,444,1,559650,2020-10-22,12495,89.0,1999,24977505
Wizard of Legend,1237082,21405,5057,1670,28,445980,2018-05-15,15011,91.0,1599,24002589
Wo Long: Fallen Dynasty,4841739,201263,33987,6530,270,1448440,2023-03-03,17053,46.0,5999,102300947
Wolcen: Lords of Mayhem,4926745,117217,10863,7056,166,424370,2020-02-13,60570,56.0,3999,242219430
Wolfenstein II: The New Colossus,821863,14209,3860,1122,19,612880,2017-10-26,24922,79.0,3999,99663078
Wolfenstein: The New Order,239937,6057,1592,324,8,201810,2014-05-19,35754,90.0,1999,71472246
Wolfenstein: Youngblood,1188315,24882,5459,1599,33,1056960,2019-07-25,9677,46.0,2999,29021323
World War 3,747886,22182,4140,1006,29,674020,2022-12-10,52225,54.0,2800,146230000
World War Z,1334385,97954,23338,1843,134,699130,2021-09-21,11025,83.0,3999,44088975
Worms Armageddon,151017,453,71,203,0,217200,1999-05-31,6210,94.0,1499,9308790
Worms Revolution,168141,533,209,228,0,200170,2012-10-10,5113,86.0,1499,7664387
Worms W.M.D,493131,2105,716,684,2,327030,2016-08-23,6845,85.0,2999,20528155
Wreckfest,584017,10751,2143,798,14,228380,2018-06-14,25573,86.0,3999,102266427
Wrestling Empire,832915,1182,290,1121,1,1620340,2021-07-02,1477,94.0,1999,2952523
X4: Foundations,435613,8038,754,591,10,392160,2018-11-30,14330,76.0,4999,71635670
XERA: Survival,883459,11118,2155,1189,14,625340,2021-09-26,7116,67.0,1999,14224884
Yakuza 0,356920,6762,833,493,8,638970,2018-08-01,48028,95.0,1999,96007972
Yakuza 6: The Song of Life,669121,8292,683,913,10,1388590,2021-03-25,3928,93.0,1999,7852072
Yakuza Kiwami,305547,3644,419,422,4,834530,2019-02-19,11737,93.0,1999,23462263
Yakuza Kiwami 2,985041,8679,704,1331,11,927380,2019-05-09,9660,95.0,2999,28970340
Yakuza: Like a Dragon,2260420,49438,3201,3093,67,1235140,2020-11-10,16933,95.0,5999,101581067
"Yes, Your Grace",583076,3703,795,784,4,1115690,2020-03-06,6877,85.0,1999,13747123
Ylands,199534,10320,1625,268,13,298610,2019-12-05,7274,61.0,1500,10911000
Yooka-Laylee,672344,27601,4491,935,38,360830,2017-04-11,2498,78.0,3999,9989502
Youtubers Life,184518,3513,1179,258,4,428690,2016-05-18,13592,77.0,2499,33966408
Zero Escape: Zero Time Dilemma,321911,3755,401,433,5,311240,2016-06-29,3317,84.0,1999,6630683
Zombie Army 4: Dead War,612082,16364,2297,880,23,694280,2021-02-18,5104,85.0,4999,25514896
iRacing,1102195,59276,4573,1512,80,266410,2015-01-12,1460,76.61,3999,5838540
rFactor 2,645424,3489,490,897,4,365960,2013-03-28,5445,80.0,3199,17418555
